Player_Name,Player_Role,Hero_Pick,KDA,Gold,Level,Partisipation,Damage_Dealt,Damage_Taken,Damage_Turret,mu_KDA,mu_Gold,mu_Level,mu_Partisipation,mu_Damage_Dealt,mu_Damage_Taken,mu_Damage_Turret
Reyy,Jungler,Ling,14.0,10540,15,0.78,29512,30466,3192,"[0, 0.35, 0.65]","[0, 0.91, 0.09]","[0, 0, 1.0]","[0, 0.78, 0.22]","[0.01, 0.99, 0]","[0.98, 0.02, 0]","[0, 0.47, 0.53]"
1rrad,Jungler,Baxia,0.6,4871,10,0.75,18400,97319,0,"[0.88, 0.12, 0]","[0.99, 0.01, 0]","[1.0, 0, 0]","[0, 0.89, 0.11]","[0.57, 0.43, 0]","[0.31, 0.69, 0]","[1.0, 0, 0]"
Reyy,Jungler,Baxia,4.5,9158,15,0.6,23978,100989,595,"[0.08, 0.92, 0]","[0.14, 0.86, 0]","[0, 0, 1.0]","[0.37, 0.63, 0]","[0.29, 0.71, 0]","[0.28, 0.72, 0]","[0.25, 0.75, 0]"
1rrad,Jungler,Fredrinn,1.0,7953,14,0.6,33132,113436,0,"[0.8, 0.2, 0]","[0.38, 0.62, 0]","[0.12, 0.88, 0]","[0.37, 0.63, 0]","[0, 0.86, 0.14]","[0.15, 0.85, 0]","[1.0, 0, 0]"
Reyy,Jungler,Barats,3.0,9201,15,0.4,35704,157654,0,"[0.39, 0.61, 0]","[0.13, 0.87, 0]","[0, 0, 1.0]","[1.0, 0, 0]","[0, 0.75, 0.25]","[0, 0.83, 0.17]","[1.0, 0, 0]"
1rrad,Jungler,Fredrinn,3.0,10663,15,0.47,34206,102486,263,"[0.39, 0.61, 0]","[0, 0.89, 0.11]","[0, 0, 1.0]","[0.78, 0.22, 0]","[0, 0.82, 0.18]","[0.26, 0.74, 0]","[0.67, 0.33, 0]"
Reyy,Jungler,Baxia,6.7,9831,15,0.95,42127,170198,0,"[0, 0.87, 0.13]","[0.01, 0.99, 0]","[0, 0, 1.0]","[0, 0.18, 0.82]","[0, 0.49, 0.51]","[0, 0.76, 0.24]","[1.0, 0, 0]"
1rrad,Jungler,Fredrinn,7.5,12186,15,0.65,54023,151360,522,"[0, 0.82, 0.18]","[0, 0.68, 0.32]","[0, 0, 1.0]","[0.22, 0.78, 0]","[0, 0, 1.0]","[0, 0.87, 0.13]","[0.34, 0.66, 0]"
Reyy,Jungler,Fredrinn,3.7,11347,15,0.79,23927,107827,222,"[0.25, 0.75, 0]","[0, 0.79, 0.21]","[0, 0, 1.0]","[0, 0.75, 0.25]","[0.29, 0.71, 0]","[0.21, 0.79, 0]","[0.72, 0.28, 0]"
1rrad,Jungler,Akai,1.7,10680,15,0.5,18172,114206,1226,"[0.65, 0.35, 0]","[0, 0.89, 0.11]","[0, 0, 1.0]","[0.69, 0.31, 0]","[0.59, 0.41, 0]","[0.14, 0.86, 0]","[0, 0.9, 0.1]"
Gugunnn,Jungler,Baxia,2.7,14929,15,0.89,51170,245431,0,"[0.45, 0.55, 0]","[0, 0.29, 0.71]","[0, 0, 1.0]","[0, 0.39, 0.61]","[0, 0.12, 0.88]","[0, 0.32, 0.68]","[1.0, 0, 0]"
Anavel,Jungler,Akai,2.0,16753,15,0.4,26490,253377,651,"[0.59, 0.41, 0]","[0, 0.03, 0.97]","[0, 0, 1.0]","[1.0, 0, 0]","[0.16, 0.84, 0]","[0, 0.27, 0.73]","[0.17, 0.83, 0]"
Gugunnn,Jungler,Baxia,2.2,7645,15,0.82,22231,95402,0,"[0.55, 0.45, 0]","[0.44, 0.56, 0]","[0, 0, 1.0]","[0, 0.64, 0.36]","[0.38, 0.62, 0]","[0.33, 0.67, 0]","[1.0, 0, 0]"
Gugunnn,Jungler,Baxia,2.0,4809,11,0.5,11759,66135,0,"[0.59, 0.41, 0]","[1.0, 0, 0]","[0.78, 0.22, 0]","[0.69, 0.31, 0]","[0.91, 0.09, 0]","[0.63, 0.37, 0]","[1.0, 0, 0]"
Kairi,Jungler,Baxia,7.5,10408,15,0.75,22940,73301,1026,"[0, 0.82, 0.18]","[0, 0.93, 0.07]","[0, 0, 1.0]","[0, 0.89, 0.11]","[0.34, 0.66, 0]","[0.55, 0.45, 0]","[0, 0.95, 0.05]"
Reyy,Jungler,Fredrinn,1.5,8721,15,0.47,20997,101505,0,"[0.69, 0.31, 0]","[0.23, 0.77, 0]","[0, 0, 1.0]","[0.78, 0.22, 0]","[0.44, 0.56, 0]","[0.27, 0.73, 0]","[1.0, 0, 0]"
Kairi,Jungler,Baxia,8.0,10600,15,0.84,39591,221057,0,"[0, 0.78, 0.22]","[0, 0.9, 0.1]","[0, 0, 1.0]","[0, 0.57, 0.43]","[0, 0.59, 0.41]","[0, 0.46, 0.54]","[1.0, 0, 0]"
Reyy,Jungler,Fredrinn,2.6,11463,15,0.72,48051,176492,1009,"[0.47, 0.53, 0]","[0, 0.78, 0.22]","[0, 0, 1.0]","[0, 1.0, 0.0]","[0, 0.25, 0.75]","[0, 0.72, 0.28]","[0, 0.95, 0.05]"
Kairi,Jungler,Akai,1.0,7015,14,0.75,22160,181382,0,"[0.8, 0.2, 0]","[0.57, 0.43, 0]","[0.12, 0.88, 0]","[0, 0.89, 0.11]","[0.38, 0.62, 0]","[0, 0.69, 0.31]","[1.0, 0, 0]"
Reyy,Jungler,Fredrinn,12.0,8865,15,1.0,39867,119526,1416,"[0, 0.5, 0.5]","[0.2, 0.8, 0]","[0, 0, 1.0]","[0, 0, 1.0]","[0, 0.58, 0.42]","[0.09, 0.91, 0]","[0, 0.86, 0.14]"
Reyy,Jungler,Barats,3.5,9871,15,0.64,37786,113227,133,"[0.29, 0.71, 0]","[0.0, 1.0, 0]","[0, 0, 1.0]","[0.25, 0.75, 0]","[0, 0.67, 0.33]","[0.15, 0.85, 0]","[0.83, 0.17, 0]"
Kairi,Jungler,Baxia,8.0,8974,15,1.0,20010,82772,0,"[0, 0.78, 0.22]","[0.18, 0.82, 0]","[0, 0, 1.0]","[0, 0, 1.0]","[0.49, 0.51, 0]","[0.46, 0.54, 0]","[1.0, 0, 0]"
Reyy,Jungler,Barats,1.5,7745,14,0.75,29262,150733,944,"[0.69, 0.31, 0]","[0.42, 0.58, 0]","[0.12, 0.88, 0]","[0, 0.89, 0.11]","[0.02, 0.98, 0]","[0, 0.87, 0.13]","[0, 0.97, 0.03]"
Super Kenn,Jungler,Fredrinn,1.0,7206,14,1.0,30307,102122,0,"[0.8, 0.2, 0]","[0.53, 0.47, 0]","[0.12, 0.88, 0]","[0, 0, 1.0]","[0, 0.98, 0.02]","[0.26, 0.74, 0]","[1.0, 0, 0]"
Anavel,Jungler,Baxia,6.5,8360,15,0.76,30709,146212,528,"[0, 0.89, 0.11]","[0.3, 0.7, 0]","[0, 0, 1.0]","[0, 0.85, 0.15]","[0, 0.96, 0.04]","[0, 0.9, 0.1]","[0.33, 0.67, 0]"
Anavel,Jungler,Fredrinn,10.0,9116,15,0.59,19028,94321,2217,"[0, 0.64, 0.36]","[0.15, 0.85, 0]","[0, 0, 1.0]","[0.4, 0.6, 0]","[0.54, 0.46, 0]","[0.34, 0.66, 0]","[0, 0.68, 0.32]"
Super Kenn,Jungler,Baxia,2.8,8178,15,0.55,25203,96747,0,"[0.43, 0.57, 0]","[0.34, 0.66, 0]","[0, 0, 1.0]","[0.53, 0.47, 0]","[0.23, 0.77, 0]","[0.32, 0.68, 0]","[1.0, 0, 0]"
Anavel,Jungler,Fredrinn,1.3,8588,14,0.9,30542,181628,0,"[0.74, 0.26, 0]","[0.26, 0.74, 0]","[0.12, 0.88, 0]","[0, 0.36, 0.64]","[0, 0.97, 0.03]","[0, 0.69, 0.31]","[1.0, 0, 0]"
Super Kenn,Jungler,Baxia,3.0,6626,13,1.0,12354,46012,0,"[0.39, 0.61, 0]","[0.64, 0.36, 0]","[0.34, 0.66, 0]","[0, 0, 1.0]","[0.88, 0.12, 0]","[0.83, 0.17, 0]","[1.0, 0, 0]"
Super Kenn,Jungler,Barats,1.7,9205,15,0.56,33392,126795,0,"[0.65, 0.35, 0]","[0.13, 0.87, 0]","[0, 0, 1.0]","[0.5, 0.5, 0]","[0, 0.85, 0.15]","[0.02, 0.98, 0]","[1.0, 0, 0]"
Reyy,Jungler,Fredrinn,19.0,10151,15,0.9,29729,111585,3194,"[0, 0, 1.0]","[0, 0.96, 0.04]","[0, 0, 1.0]","[0, 0.36, 0.64]","[0, 1.0, 0.0]","[0.17, 0.83, 0]","[0, 0.47, 0.53]"
Super Kenn,Jungler,Barats,3.3,8750,15,0.83,41573,133795,400,"[0.33, 0.67, 0]","[0.22, 0.78, 0]","[0, 0, 1.0]","[0, 0.6, 0.4]","[0, 0.51, 0.49]","[0, 0.97, 0.03]","[0.49, 0.51, 0]"
Reyy,Jungler,Fredrinn,17.0,10418,15,0.94,34318,146998,774,"[0, 0.14, 0.86]","[0, 0.92, 0.08]","[0, 0, 1.0]","[0, 0.21, 0.79]","[0, 0.81, 0.19]","[0, 0.89, 0.11]","[0.02, 0.98, 0]"
Super Kenn,Jungler,Baxia,5.0,11620,15,0.71,33251,245828,0,"[0, 0.99, 0.01]","[0, 0.76, 0.24]","[0, 0, 1.0]","[0.03, 0.97, 0]","[0, 0.85, 0.15]","[0, 0.32, 0.68]","[1.0, 0, 0]"
Reyy,Jungler,Fredrinn,5.5,12865,15,0.73,27860,157078,647,"[0, 0.96, 0.04]","[0, 0.58, 0.42]","[0, 0, 1.0]","[0, 0.96, 0.04]","[0.09, 0.91, 0]","[0, 0.83, 0.17]","[0.18, 0.82, 0]"
Kairi,Jungler,Baxia,11.0,7736,15,0.79,33863,102298,0,"[0, 0.57, 0.43]","[0.42, 0.58, 0]","[0, 0, 1.0]","[0, 0.75, 0.25]","[0, 0.83, 0.17]","[0.26, 0.74, 0]","[1.0, 0, 0]"
Anavel,Jungler,Akai,1.0,6132,12,0.6,12412,117648,0,"[0.8, 0.2, 0]","[0.74, 0.26, 0]","[0.56, 0.44, 0]","[0.37, 0.63, 0]","[0.88, 0.12, 0]","[0.11, 0.89, 0]","[1.0, 0, 0]"
Anavel,Jungler,Ling,1.5,6440,13,0.6,21532,28760,0,"[0.69, 0.31, 0]","[0.68, 0.32, 0]","[0.34, 0.66, 0]","[0.37, 0.63, 0]","[0.41, 0.59, 0]","[1.0, 0, 0]","[1.0, 0, 0]"
Anavel,Jungler,Baxia,0.7,8588,15,0.57,33193,171421,0,"[0.86, 0.14, 0]","[0.26, 0.74, 0]","[0, 0, 1.0]","[0.47, 0.53, 0]","[0, 0.86, 0.14]","[0, 0.75, 0.25]","[1.0, 0, 0]"
Reyy,Jungler,Fredrinn,14.0,12223,15,0.67,24088,100575,2757,"[0, 0.35, 0.65]","[0, 0.67, 0.33]","[0, 0, 1.0]","[0.15, 0.85, 0]","[0.29, 0.71, 0]","[0.28, 0.72, 0]","[0, 0.56, 0.44]"
Reyy,Jungler,Fredrinn,0.3,6507,13,0.5,16350,81097,0,"[0.94, 0.06, 0]","[0.67, 0.33, 0]","[0.34, 0.66, 0]","[0.69, 0.31, 0]","[0.68, 0.32, 0]","[0.48, 0.52, 0]","[1.0, 0, 0]"
Reyy,Jungler,Fredrinn,12.0,11002,15,0.75,18072,72594,5295,"[0, 0.5, 0.5]","[0, 0.84, 0.16]","[0, 0, 1.0]","[0, 0.89, 0.11]","[0.59, 0.41, 0]","[0.56, 0.44, 0]","[0, 0, 1.0]"
Anavel,Jungler,Fredrinn,3.7,10568,15,0.61,33684,179690,1388,"[0.25, 0.75, 0]","[0, 0.9, 0.1]","[0, 0, 1.0]","[0.34, 0.66, 0]","[0, 0.84, 0.16]","[0, 0.7, 0.3]","[0, 0.87, 0.13]"
Reyy,Jungler,Ling,3.0,16335,15,0.86,44202,57347,2410,"[0.39, 0.61, 0]","[0, 0.09, 0.91]","[0, 0, 1.0]","[0, 0.5, 0.5]","[0, 0.4, 0.6]","[0.71, 0.29, 0]","[0, 0.64, 0.36]"
Reyy,Jungler,Fredrinn,7.0,15931,15,0.82,39194,299876,1115,"[0, 0.85, 0.15]","[0, 0.15, 0.85]","[0, 0, 1.0]","[0, 0.64, 0.36]","[0, 0.61, 0.39]","[0, 0, 1.0]","[0, 0.93, 0.07]"
Kairi,Jungler,Fredrinn,1.3,9710,15,0.61,29620,169518,2970,"[0.74, 0.26, 0]","[0.03, 0.97, 0]","[0, 0, 1.0]","[0.34, 0.66, 0]","[0.0, 1.0, 0]","[0, 0.76, 0.24]","[0, 0.52, 0.48]"
Kairi,Jungler,Fredrinn,3.0,12613,15,0.63,41341,162003,531,"[0.39, 0.61, 0]","[0, 0.62, 0.38]","[0, 0, 1.0]","[0.28, 0.72, 0]","[0, 0.52, 0.48]","[0, 0.8, 0.2]","[0.33, 0.67, 0]"
Anavel,Jungler,Ling,4.5,16994,15,0.82,49951,71724,2140,"[0.08, 0.92, 0]","[0, 0, 1.0]","[0, 0, 1.0]","[0, 0.64, 0.36]","[0, 0.17, 0.83]","[0.57, 0.43, 0]","[0, 0.7, 0.3]"
Kairi,Jungler,Ling,1.2,11250,15,1.0,27774,51925,0,"[0.76, 0.24, 0]","[0, 0.81, 0.19]","[0, 0, 1.0]","[0, 0, 1.0]","[0.1, 0.9, 0]","[0.77, 0.23, 0]","[1.0, 0, 0]"
Anavel,Jungler,Fredrinn,5.0,9705,15,0.59,29618,169516,2968,"[0, 0.99, 0.01]","[0.04, 0.96, 0]","[0, 0, 1.0]","[0.4, 0.6, 0]","[0.0, 1.0, 0]","[0, 0.76, 0.24]","[0, 0.52, 0.48]"
Anavel,Jungler,Fredrinn,10.0,11091,15,0.91,34586,162557,1072,"[0, 0.64, 0.36]","[0, 0.83, 0.17]","[0, 0, 1.0]","[0, 0.32, 0.68]","[0, 0.8, 0.2]","[0, 0.8, 0.2]","[0, 0.94, 0.06]"
Kairi,Jungler,Baxia,5.0,9136,15,0.61,21407,98864,171,"[0, 0.99, 0.01]","[0.15, 0.85, 0]","[0, 0, 1.0]","[0.34, 0.66, 0]","[0.42, 0.58, 0]","[0.3, 0.7, 0]","[0.78, 0.22, 0]"
Anavel,Jungler,Fredrinn,0.0,6583,13,0.67,9987,100321,0,"[1.0, 0, 0]","[0.65, 0.35, 0]","[0.34, 0.66, 0]","[0.15, 0.85, 0]","[1.0, 0, 0]","[0.28, 0.72, 0]","[1.0, 0, 0]"
Aboy,Midlane,Faramis,17.0,7649,12,0.94,48185,40293,3997,"[0, 0.09, 0.91]","[0.48, 0.52, 0]","[0.54, 0.46, 0]","[0, 0.29, 0.71]","[0.41, 0.59, 0]","[0.2, 0.8, 0]","[0, 0.49, 0.51]"
Clayyy,Midlane,Valentina,1.3,4631,10,1.0,23804,51091,0,"[0.81, 0.19, 0]","[1.0, 0, 0]","[1.0, 0, 0]","[0, 0, 1.0]","[0.93, 0.07, 0]","[0, 0.96, 0.04]","[1.0, 0, 0]"
Clayyy,Midlane,Luo Yi,1.7,7839,13,1.0,57285,51650,0,"[0.76, 0.24, 0]","[0.44, 0.56, 0]","[0.31, 0.69, 0]","[0, 0, 1.0]","[0.22, 0.78, 0]","[0, 0.95, 0.05]","[1.0, 0, 0]"
Aboy,Midlane,Luo Yi,3.0,9197,15,0.6,56420,75910,900,"[0.57, 0.43, 0]","[0.21, 0.79, 0]","[0, 0, 1.0]","[0.25, 0.75, 0]","[0.24, 0.76, 0]","[0, 0.58, 0.42]","[0.43, 0.57, 0]"
Aboy,Midlane,Faramis,2.9,10934,15,0.95,89797,95834,3046,"[0.58, 0.42, 0]","[0, 0.93, 0.07]","[0, 0, 1.0]","[0, 0.24, 0.76]","[0, 0.81, 0.19]","[0, 0.28, 0.72]","[0, 0.69, 0.31]"
Clayyy,Midlane,Luo Yi,11.5,12264,15,1.0,114415,54044,4091,"[0, 0.59, 0.41]","[0, 0.76, 0.24]","[0, 0, 1.0]","[0, 0, 1.0]","[0, 0.6, 0.4]","[0, 0.92, 0.08]","[0, 0.47, 0.53]"
Clayyy,Midlane,Luo Yi,2.5,10976,15,0.5,75709,48291,1583,"[0.64, 0.36, 0]","[0, 0.92, 0.08]","[0, 0, 1.0]","[0.37, 0.63, 0]","[0, 0.93, 0.07]","[0.01, 0.99, 0]","[0, 1.0, 0.0]"
Yehezkiel,Midlane,Novaria,17.0,17571,15,0.94,186209,26583,1434,"[0, 0.09, 0.91]","[0, 0.07, 0.93]","[0, 0, 1.0]","[0, 0.29, 0.71]","[0, 0, 1.0]","[0.53, 0.47, 0]","[0.09, 0.91, 0]"
Clawkun,Midlane,Luo Yi,5.0,16864,15,0.75,133413,78391,1632,"[0.28, 0.72, 0]","[0, 0.17, 0.83]","[0, 0, 1.0]","[0.06, 0.94, 0]","[0, 0.44, 0.56]","[0, 0.55, 0.45]","[0, 0.99, 0.01]"
Clawkun,Midlane,Luo Yi,2.7,7813,14,0.8,47513,40132,4473,"[0.61, 0.39, 0]","[0.45, 0.55, 0]","[0.08, 0.92, 0]","[0, 0.98, 0.02]","[0.43, 0.57, 0]","[0.2, 0.8, 0]","[0, 0.39, 0.61]"
Yehezkiel,Midlane,Novaria,1.0,5501,11,0.25,20601,8670,0,"[0.86, 0.14, 0]","[0.85, 0.15, 0]","[0.77, 0.23, 0]","[0.69, 0.31, 0]","[1.0, 0, 0]","[0.96, 0.04, 0]","[1.0, 0, 0]"
Clawkun,Midlane,Luo Yi,5.0,6265,12,0.56,29603,18792,0,"[0.28, 0.72, 0]","[0.72, 0.28, 0]","[0.54, 0.46, 0]","[0.3, 0.7, 0]","[0.81, 0.19, 0]","[0.72, 0.28, 0]","[1.0, 0, 0]"
Aboy,Midlane,Luo Yi,4.0,9614,15,0.84,42560,62424,0,"[0.43, 0.57, 0]","[0.13, 0.87, 0]","[0, 0, 1.0]","[0, 0.78, 0.22]","[0.53, 0.47, 0]","[0, 0.79, 0.21]","[1.0, 0, 0]"
Sanz,Midlane,Pharsa,6.5,10829,15,0.68,56970,53275,0,"[0.07, 0.93, 0]","[0, 0.94, 0.06]","[0, 0, 1.0]","[0.14, 0.86, 0]","[0.22, 0.78, 0]","[0, 0.93, 0.07]","[1.0, 0, 0]"
Aboy,Midlane,Novaria,17.0,14486,15,0.94,92605,14767,6299,"[0, 0.09, 0.91]","[0, 0.47, 0.53]","[0, 0, 1.0]","[0, 0.29, 0.71]","[0, 0.79, 0.21]","[0.81, 0.19, 0]","[0, 0, 1.0]"
Sanz,Midlane,Faramis,1.0,7541,13,0.75,51066,101965,0,"[0.86, 0.14, 0]","[0.49, 0.51, 0]","[0.31, 0.69, 0]","[0.06, 0.94, 0]","[0.35, 0.65, 0]","[0, 0.18, 0.82]","[1.0, 0, 0]"
Aboy,Midlane,Novaria,10.0,9662,15,0.83,57765,29619,4939,"[0, 0.72, 0.28]","[0.13, 0.87, 0]","[0, 0, 1.0]","[0, 0.83, 0.17]","[0.21, 0.79, 0]","[0.46, 0.54, 0]","[0, 0.29, 0.71]"
Sanz,Midlane,Luo Yi,6.0,11028,15,0.86,84912,44413,2599,"[0.14, 0.86, 0]","[0, 0.92, 0.08]","[0, 0, 1.0]","[0, 0.68, 0.32]","[0, 0.85, 0.15]","[0.1, 0.9, 0]","[0, 0.78, 0.22]"
Aboy,Midlane,Novaria,2.5,10807,15,0.91,49270,38112,366,"[0.64, 0.36, 0]","[0, 0.95, 0.05]","[0, 0, 1.0]","[0, 0.44, 0.56]","[0.39, 0.61, 0]","[0.25, 0.75, 0]","[0.77, 0.23, 0]"
Sanz,Midlane,Pharsa,6.0,10394,15,0.75,86867,21244,1883,"[0.14, 0.86, 0]","[0, 1.0, 0.0]","[0, 0, 1.0]","[0.06, 0.94, 0]","[0, 0.84, 0.16]","[0.66, 0.34, 0]","[0, 0.94, 0.06]"
Aboy,Midlane,Faramis,3.0,7952,14,0.75,43228,96695,2300,"[0.57, 0.43, 0]","[0.42, 0.58, 0]","[0.08, 0.92, 0]","[0.06, 0.94, 0]","[0.52, 0.48, 0]","[0, 0.27, 0.73]","[0, 0.85, 0.15]"
Moreno,Midlane,Valentina,2.5,6907,13,1.0,34426,38638,285,"[0.64, 0.36, 0]","[0.6, 0.4, 0]","[0.31, 0.69, 0]","[0, 0, 1.0]","[0.71, 0.29, 0]","[0.24, 0.76, 0]","[0.82, 0.18, 0]"
Clawkun,Midlane,Novaria,16.0,9743,15,0.94,51141,7057,3425,"[0, 0.18, 0.82]","[0.11, 0.89, 0]","[0, 0, 1.0]","[0, 0.29, 0.71]","[0.35, 0.65, 0]","[1.0, 0, 0]","[0, 0.61, 0.39]"
Moreno,Midlane,Pharsa,3.0,6983,13,0.75,42960,24770,0,"[0.57, 0.43, 0]","[0.59, 0.41, 0]","[0.31, 0.69, 0]","[0.06, 0.94, 0]","[0.52, 0.48, 0]","[0.57, 0.43, 0]","[1.0, 0, 0]"
Clawkun,Midlane,Valentina,10.0,9038,15,0.59,36348,32526,2485,"[0, 0.72, 0.28]","[0.23, 0.77, 0]","[0, 0, 1.0]","[0.26, 0.74, 0]","[0.66, 0.34, 0]","[0.39, 0.61, 0]","[0, 0.81, 0.19]"
Clawkun,Midlane,Novaria,8.0,9425,14,0.8,71601,22987,1266,"[0, 0.91, 0.09]","[0.17, 0.83, 0]","[0.08, 0.92, 0]","[0, 0.98, 0.02]","[0, 0.97, 0.03]","[0.62, 0.38, 0]","[0.2, 0.8, 0]"
Clawkun,Midlane,Valentina,9.0,7693,13,0.9,33386,27854,3139,"[0, 0.82, 0.18]","[0.47, 0.53, 0]","[0.31, 0.69, 0]","[0, 0.49, 0.51]","[0.73, 0.27, 0]","[0.5, 0.5, 0]","[0, 0.67, 0.33]"
Moreno,Midlane,Valentina,1.8,8139,14,0.78,39585,60079,1628,"[0.74, 0.26, 0]","[0.39, 0.61, 0]","[0.08, 0.92, 0]","[0.02, 0.98, 0]","[0.6, 0.4, 0]","[0, 0.82, 0.18]","[0, 0.99, 0.01]"
Aboy,Midlane,Luo Yi,10.0,9700,15,0.95,78766,53140,2053,"[0, 0.72, 0.28]","[0.12, 0.88, 0]","[0, 0, 1.0]","[0, 0.24, 0.76]","[0, 0.91, 0.09]","[0, 0.93, 0.07]","[0, 0.9, 0.1]"
Moreno,Midlane,Luo Yi,4.0,9466,15,1.0,86298,44406,2163,"[0.43, 0.57, 0]","[0.16, 0.84, 0]","[0, 0, 1.0]","[0, 0, 1.0]","[0, 0.84, 0.16]","[0.1, 0.9, 0]","[0, 0.88, 0.12]"
Aboy,Midlane,Faramis,4.7,10523,15,0.78,49823,79641,1858,"[0.32, 0.68, 0]","[0, 0.98, 0.02]","[0, 0, 1.0]","[0.02, 0.98, 0]","[0.38, 0.62, 0]","[0, 0.53, 0.47]","[0, 0.94, 0.06]"
Moreno,Midlane,Novaria,7.0,17392,15,1.0,134853,22255,0,"[0, 1.0, 0.0]","[0, 0.1, 0.9]","[0, 0, 1.0]","[0, 0, 1.0]","[0, 0.43, 0.57]","[0.63, 0.37, 0]","[1.0, 0, 0]"
Aboy,Midlane,Faramis,6.5,18151,15,0.87,180741,114058,4010,"[0.07, 0.93, 0]","[0, 0, 1.0]","[0, 0, 1.0]","[0, 0.63, 0.37]","[0, 0.05, 0.95]","[0, 0, 1.0]","[0, 0.48, 0.52]"
Sanz,Midlane,Valentina,16.0,8927,15,0.89,39639,41225,1033,"[0, 0.18, 0.82]","[0.25, 0.75, 0]","[0, 0, 1.0]","[0, 0.54, 0.46]","[0.59, 0.41, 0]","[0.18, 0.82, 0]","[0.34, 0.66, 0]"
Clawkun,Midlane,Luo Yi,1.7,6198,12,1.0,37360,33690,0,"[0.76, 0.24, 0]","[0.73, 0.27, 0]","[0.54, 0.46, 0]","[0, 0, 1.0]","[0.64, 0.36, 0]","[0.36, 0.64, 0]","[1.0, 0, 0]"
Clawkun,Midlane,Valentina,1.0,6391,12,0.4,31880,35018,0,"[0.86, 0.14, 0]","[0.69, 0.31, 0]","[0.54, 0.46, 0]","[0.5, 0.5, 0]","[0.76, 0.24, 0]","[0.33, 0.67, 0]","[1.0, 0, 0]"
Clawkun,Midlane,Novaria,1.3,9839,15,0.57,50526,20613,0,"[0.81, 0.19, 0]","[0.1, 0.9, 0]","[0, 0, 1.0]","[0.28, 0.72, 0]","[0.36, 0.64, 0]","[0.67, 0.33, 0]","[1.0, 0, 0]"
Aboy,Midlane,Luo Yi,18.0,11752,15,0.86,69479,39160,2716,"[0, 0, 1.0]","[0, 0.82, 0.18]","[0, 0, 1.0]","[0, 0.68, 0.32]","[0, 0.98, 0.02]","[0.23, 0.77, 0]","[0, 0.76, 0.24]"
Clawkun,Midlane,Valentina,12.0,9301,15,0.8,51160,62709,808,"[0, 0.54, 0.46]","[0.19, 0.81, 0]","[0, 0, 1.0]","[0, 0.98, 0.02]","[0.35, 0.65, 0]","[0, 0.78, 0.22]","[0.49, 0.51, 0]"
Aboy,Midlane,Faramis,0.5,8160,14,0.5,40496,63606,0,"[0.93, 0.07, 0]","[0.39, 0.61, 0]","[0.08, 0.92, 0]","[0.37, 0.63, 0]","[0.58, 0.42, 0]","[0, 0.77, 0.23]","[1.0, 0, 0]"
Aboy,Midlane,Luo Yi,8.0,11682,15,1.0,85583,49986,1140,"[0, 0.91, 0.09]","[0, 0.83, 0.17]","[0, 0, 1.0]","[0, 0, 1.0]","[0, 0.85, 0.15]","[0, 0.98, 0.02]","[0.28, 0.72, 0]"
Clawkun,Midlane,Novaria,17.0,13506,15,0.95,74072,16256,1503,"[0, 0.09, 0.91]","[0, 0.6, 0.4]","[0, 0, 1.0]","[0, 0.24, 0.76]","[0, 0.94, 0.06]","[0.78, 0.22, 0]","[0.05, 0.95, 0]"
Aboy,Midlane,Luo Yi,4.0,10861,15,0.86,79455,79887,0,"[0.43, 0.57, 0]","[0, 0.94, 0.06]","[0, 0, 1.0]","[0, 0.68, 0.32]","[0, 0.9, 0.1]","[0, 0.52, 0.48]","[1.0, 0, 0]"
Clawkun,Midlane,Novaria,14.0,17907,15,0.78,144530,28325,393,"[0, 0.36, 0.64]","[0, 0.03, 0.97]","[0, 0, 1.0]","[0.02, 0.98, 0]","[0, 0.35, 0.65]","[0.49, 0.51, 0]","[0.75, 0.25, 0]"
Aboy,Midlane,Luo Yi,4.7,17191,15,0.82,91743,106017,4455,"[0.32, 0.68, 0]","[0, 0.12, 0.88]","[0, 0, 1.0]","[0, 0.88, 0.12]","[0, 0.8, 0.2]","[0, 0.12, 0.88]","[0, 0.39, 0.61]"
Sanz,Midlane,Pharsa,8.0,10404,15,0.72,86870,21250,1890,"[0, 0.91, 0.09]","[0, 1.0, 0.0]","[0, 0, 1.0]","[0.09, 0.91, 0]","[0, 0.84, 0.16]","[0.66, 0.34, 0]","[0, 0.93, 0.07]"
Clawkun,Midlane,Valentina,11.0,8113,15,0.89,39550,60045,1595,"[0, 0.63, 0.37]","[0.4, 0.6, 0]","[0, 0, 1.0]","[0, 0.54, 0.46]","[0.6, 0.4, 0]","[0, 0.83, 0.17]","[0, 1.0, 0.0]"
Sanz,Midlane,Pharsa,13.0,11259,15,0.72,58882,26741,807,"[0, 0.45, 0.55]","[0, 0.89, 0.11]","[0, 0, 1.0]","[0.09, 0.91, 0]","[0.18, 0.82, 0]","[0.53, 0.47, 0]","[0.49, 0.51, 0]"
Clawkun,Midlane,Valentina,2.7,10421,15,0.89,68502,74401,1912,"[0.61, 0.39, 0]","[0, 1.0, 0.0]","[0, 0, 1.0]","[0, 0.54, 0.46]","[0, 0.99, 0.01]","[0, 0.61, 0.39]","[0, 0.93, 0.07]"
Sanz,Midlane,Pharsa,13.0,13585,15,0.68,80669,42881,1779,"[0, 0.45, 0.55]","[0, 0.59, 0.41]","[0, 0, 1.0]","[0.14, 0.86, 0]","[0, 0.89, 0.11]","[0.14, 0.86, 0]","[0, 0.96, 0.04]"
Clawkun,Midlane,Valentina,1.8,12192,15,0.82,73512,78733,1854,"[0.74, 0.26, 0]","[0, 0.77, 0.23]","[0, 0, 1.0]","[0, 0.88, 0.12]","[0, 0.95, 0.05]","[0, 0.54, 0.46]","[0, 0.94, 0.06]"
Clawkun,Midlane,Faramis,14.0,10496,15,0.82,65938,57691,2080,"[0, 0.36, 0.64]","[0, 0.99, 0.01]","[0, 0, 1.0]","[0, 0.88, 0.12]","[0.03, 0.97, 0]","[0, 0.86, 0.14]","[0, 0.89, 0.11]"
Sanz,Midlane,Valentina,0.0,11998,15,0.0,65437,50191,368,"[1.0, 0, 0]","[0, 0.79, 0.21]","[0, 0, 1.0]","[1.0, 0, 0]","[0.04, 0.96, 0]","[0, 0.98, 0.02]","[0.77, 0.23, 0]"
Clawkun,Midlane,Faramis,10.0,10569,15,0.91,52270,58327,526,"[0, 0.72, 0.28]","[0, 0.98, 0.02]","[0, 0, 1.0]","[0, 0.44, 0.56]","[0.32, 0.68, 0]","[0, 0.85, 0.15]","[0.67, 0.33, 0]"
Clawkun,Midlane,Valentina,2.0,7650,14,0.89,36262,48107,0,"[0.71, 0.29, 0]","[0.48, 0.52, 0]","[0.08, 0.92, 0]","[0, 0.54, 0.46]","[0.67, 0.33, 0]","[0.01, 0.99, 0]","[1.0, 0, 0]"
Vyn,Roamer,Minotaur,0.6,4246,10,0.75,12750,64067,0,"[0.96, 0.04, 0]","[1.0, 0, 0]","[1.0, 0, 0]","[0, 0.91, 0.09]","[0.66, 0.34, 0]","[0.67, 0.33, 0]","[1.0, 0, 0]"
Vyn,Roamer,Chip,2.0,9666,15,0.63,35082,146990,38,"[0.41, 0.59, 0]","[0, 0.76, 0.24]","[0, 0, 1.0]","[0.26, 0.74, 0]","[0, 0.55, 0.45]","[0, 0.56, 0.44]","[0.94, 0.06, 0]"
Baloyskie,Roamer,Franco,3.4,8745,15,0.81,15752,118654,745,"[0, 0.95, 0.05]","[0, 0.92, 0.08]","[0, 0, 1.0]","[0, 0.69, 0.31]","[0.46, 0.54, 0]","[0, 0.84, 0.16]","[0, 0.96, 0.04]"
Vyn,Roamer,Minotaur,2.9,10600,15,0.87,24267,137959,1294,"[0.05, 0.95, 0]","[0, 0.59, 0.41]","[0, 0, 1.0]","[0, 0.47, 0.53]","[0, 0.95, 0.05]","[0, 0.65, 0.35]","[0, 0.8, 0.2]"
Dreams,Roamer,Minotaur,2.0,7733,13,0.8,12391,88890,2663,"[0.41, 0.59, 0]","[0.14, 0.86, 0]","[0.23, 0.77, 0]","[0, 0.73, 0.27]","[0.68, 0.32, 0]","[0.23, 0.77, 0]","[0, 0.42, 0.58]"
Kiboy,Roamer,Chip,1.6,8523,15,0.65,35643,119197,29,"[0.57, 0.43, 0]","[0, 0.96, 0.04]","[0, 0, 1.0]","[0.21, 0.79, 0]","[0, 0.53, 0.47]","[0, 0.83, 0.17]","[0.95, 0.05, 0]"
Baloyskie,Roamer,Ruby,3.2,8283,14,0.68,16158,79326,0,"[0, 0.98, 0.02]","[0.0, 1.0, 0]","[0, 0.89, 0.11]","[0.12, 0.88, 0]","[0.44, 0.56, 0]","[0.4, 0.6, 0]","[1.0, 0, 0]"
Kiboy,Roamer,Chip,1.9,8981,15,0.68,43115,199187,0,"[0.45, 0.55, 0]","[0, 0.88, 0.12]","[0, 0, 1.0]","[0.12, 0.88, 0]","[0, 0.26, 0.74]","[0, 0.05, 0.95]","[1.0, 0, 0]"
Baloyskie,Roamer,Ruby,1.5,9909,15,0.5,16530,127021,1588,"[0.6, 0.4, 0]","[0, 0.72, 0.28]","[0, 0, 1.0]","[0.62, 0.38, 0]","[0.41, 0.59, 0]","[0, 0.76, 0.24]","[0, 0.72, 0.28]"
Kiboy,Roamer,Ruby,4.0,9721,15,0.76,25765,102078,1414,"[0, 0.86, 0.14]","[0, 0.75, 0.25]","[0, 0, 1.0]","[0, 0.87, 0.13]","[0, 0.9, 0.1]","[0.0, 1.0, 0]","[0, 0.77, 0.23]"
Baloyskie,Roamer,Franco,1.6,8267,15,0.73,16785,90117,0,"[0.57, 0.43, 0]","[0.01, 0.99, 0]","[0, 0, 1.0]","[0, 0.98, 0.02]","[0.4, 0.6, 0]","[0.21, 0.79, 0]","[1.0, 0, 0]"
Kiboy,Roamer,Edith,2.0,7419,14,0.75,20789,89495,696,"[0.41, 0.59, 0]","[0.22, 0.78, 0]","[0, 0.89, 0.11]","[0, 0.91, 0.09]","[0.14, 0.86, 0]","[0.22, 0.78, 0]","[0, 0.97, 0.03]"
Kyy,Roamer,Franco,1.0,5135,11,0.8,10031,53819,0,"[0.8, 0.2, 0]","[0.78, 0.22, 0]","[0.74, 0.26, 0]","[0, 0.73, 0.27]","[0.83, 0.17, 0]","[0.85, 0.15, 0]","[1.0, 0, 0]"
Dreams,Roamer,Minotaur,7.0,7472,14,0.82,22360,79755,724,"[0, 0.43, 0.57]","[0.2, 0.8, 0]","[0, 0.89, 0.11]","[0, 0.66, 0.34]","[0.04, 0.96, 0]","[0.39, 0.61, 0]","[0, 0.96, 0.04]"
Kyy,Roamer,Chip,1.0,5929,12,0.75,32814,117822,0,"[0.8, 0.2, 0]","[0.58, 0.42, 0]","[0.48, 0.52, 0]","[0, 0.91, 0.09]","[0, 0.64, 0.36]","[0, 0.85, 0.15]","[1.0, 0, 0]"
Dreams,Roamer,Edith,3.8,9220,15,0.88,37426,80070,4157,"[0, 0.89, 0.11]","[0, 0.84, 0.16]","[0, 0, 1.0]","[0, 0.44, 0.56]","[0, 0.47, 0.53]","[0.39, 0.61, 0]","[0, 0, 1.0]"
Kyy,Roamer,Chip,5.7,8368,14,0.85,42622,112275,960,"[0, 0.62, 0.38]","[0, 0.99, 0.01]","[0, 0.89, 0.11]","[0, 0.55, 0.45]","[0, 0.28, 0.72]","[0, 0.9, 0.1]","[0, 0.9, 0.1]"
Kyy,Roamer,Edith,2.0,5493,11,0.67,14798,45323,590,"[0.41, 0.59, 0]","[0.69, 0.31, 0]","[0.74, 0.26, 0]","[0.15, 0.85, 0]","[0.53, 0.47, 0]","[1.0, 0, 0]","[0.0, 1.0, 0]"
Kyy,Roamer,Chip,1.0,7428,13,0.67,37873,99514,0,"[0.8, 0.2, 0]","[0.21, 0.79, 0]","[0.23, 0.77, 0]","[0.15, 0.85, 0]","[0, 0.45, 0.55]","[0.05, 0.95, 0]","[1.0, 0, 0]"
Kyy,Roamer,Minotaur,0.5,11130,15,0.43,17575,193739,0,"[1.0, 0, 0]","[0, 0.5, 0.5]","[0, 0, 1.0]","[0.81, 0.19, 0]","[0.35, 0.65, 0]","[0, 0.1, 0.9]","[1.0, 0, 0]"
Baloyskie,Roamer,Chip,6.5,12626,15,0.87,44204,177644,114,"[0, 0.5, 0.5]","[0, 0.24, 0.76]","[0, 0, 1.0]","[0, 0.47, 0.53]","[0, 0.22, 0.78]","[0, 0.26, 0.74]","[0.81, 0.19, 0]"
Dreams,Roamer,Edith,1.0,6087,11,0.8,19042,68891,0,"[0.8, 0.2, 0]","[0.55, 0.45, 0]","[0.74, 0.26, 0]","[0, 0.73, 0.27]","[0.25, 0.75, 0]","[0.59, 0.41, 0]","[1.0, 0, 0]"
Kiboy,Roamer,Ruby,6.0,6831,13,0.86,18949,64048,795,"[0, 0.57, 0.43]","[0.36, 0.64, 0]","[0.23, 0.77, 0]","[0, 0.51, 0.49]","[0.26, 0.74, 0]","[0.67, 0.33, 0]","[0, 0.94, 0.06]"
Dreams,Roamer,Edith,0.5,5858,12,0.4,17570,46934,0,"[1.0, 0, 0]","[0.6, 0.4, 0]","[0.48, 0.52, 0]","[0.89, 0.11, 0]","[0.35, 0.65, 0]","[0.97, 0.03, 0]","[1.0, 0, 0]"
Kiboy,Roamer,Edith,3.3,5897,11,0.71,16316,54152,542,"[0, 0.96, 0.04]","[0.59, 0.41, 0]","[0.74, 0.26, 0]","[0.04, 0.96, 0]","[0.43, 0.57, 0]","[0.84, 0.16, 0]","[0.08, 0.92, 0]"
Dreams,Roamer,Ruby,1.0,8117,15,0.71,24232,91100,0,"[0.8, 0.2, 0]","[0.04, 0.96, 0]","[0, 0, 1.0]","[0.04, 0.96, 0]","[0, 0.95, 0.05]","[0.19, 0.81, 0]","[1.0, 0, 0]"
Baloyskie,Roamer,Edith,5.7,10635,15,0.81,35313,116451,3840,"[0, 0.62, 0.38]","[0, 0.59, 0.41]","[0, 0, 1.0]","[0, 0.69, 0.31]","[0, 0.55, 0.45]","[0, 0.86, 0.14]","[0, 0.09, 0.91]"
Dreams,Roamer,Chip,8.0,7469,14,0.53,26888,53273,292,"[0, 0.29, 0.71]","[0.2, 0.8, 0]","[0, 0.89, 0.11]","[0.53, 0.47, 0]","[0, 0.86, 0.14]","[0.86, 0.14, 0]","[0.51, 0.49, 0]"
Baloyskie,Roamer,Minotaur,0.7,6511,12,1.0,7422,72987,0,"[0.92, 0.08, 0]","[0.44, 0.56, 0]","[0.48, 0.52, 0]","[0, 0, 1.0]","[1.0, 0, 0]","[0.51, 0.49, 0]","[1.0, 0, 0]"
Baloyskie,Roamer,Ruby,4.3,8571,15,0.81,18013,75562,164,"[0, 0.82, 0.18]","[0, 0.95, 0.05]","[0, 0, 1.0]","[0, 0.69, 0.31]","[0.32, 0.68, 0]","[0.47, 0.53, 0]","[0.72, 0.28, 0]"
Dreams,Roamer,Minotaur,4.0,9750,15,0.67,20710,135629,0,"[0, 0.86, 0.14]","[0, 0.74, 0.26]","[0, 0, 1.0]","[0.15, 0.85, 0]","[0.15, 0.85, 0]","[0, 0.67, 0.33]","[1.0, 0, 0]"
Baloyskie,Roamer,Ruby,1.0,7897,15,0.36,15317,103851,806,"[0.8, 0.2, 0]","[0.1, 0.9, 0]","[0, 0, 1.0]","[1.0, 0, 0]","[0.49, 0.51, 0]","[0, 0.98, 0.02]","[0, 0.94, 0.06]"
Dreams,Roamer,Chip,2.0,13957,15,0.67,50114,204203,155,"[0.41, 0.59, 0]","[0, 0, 1.0]","[0, 0, 1.0]","[0.15, 0.85, 0]","[0, 0, 1.0]","[0, 0, 1.0]","[0.74, 0.26, 0]"
Kiboy,Roamer,Ruby,0.6,6690,13,0.78,18745,86955,0,"[0.96, 0.04, 0]","[0.4, 0.6, 0]","[0.23, 0.77, 0]","[0, 0.8, 0.2]","[0.27, 0.73, 0]","[0.27, 0.73, 0]","[1.0, 0, 0]"
Dreams,Roamer,Minotaur,4.0,7511,14,0.78,8422,73050,150,"[0, 0.86, 0.14]","[0.19, 0.81, 0]","[0, 0.89, 0.11]","[0, 0.8, 0.2]","[0.94, 0.06, 0]","[0.51, 0.49, 0]","[0.75, 0.25, 0]"
Kiboy,Roamer,Edith,7.0,9619,15,0.78,37189,120603,2127,"[0, 0.43, 0.57]","[0, 0.77, 0.23]","[0, 0, 1.0]","[0, 0.8, 0.2]","[0, 0.48, 0.52]","[0, 0.82, 0.18]","[0, 0.57, 0.43]"
Dreams,Roamer,Ruby,1.8,8942,15,0.78,11998,94651,0,"[0.49, 0.51, 0]","[0, 0.89, 0.11]","[0, 0, 1.0]","[0, 0.8, 0.2]","[0.71, 0.29, 0]","[0.13, 0.87, 0]","[1.0, 0, 0]"
Dreams,Roamer,Minotaur,1.8,9586,15,0.64,16780,180854,0,"[0.49, 0.51, 0]","[0, 0.77, 0.23]","[0, 0, 1.0]","[0.23, 0.77, 0]","[0.4, 0.6, 0]","[0, 0.23, 0.77]","[1.0, 0, 0]"
Kiboy,Roamer,Ruby,1.3,6683,13,0.8,18743,86952,0,"[0.68, 0.32, 0]","[0.4, 0.6, 0]","[0.23, 0.77, 0]","[0, 0.73, 0.27]","[0.27, 0.73, 0]","[0.27, 0.73, 0]","[1.0, 0, 0]"
Dreams,Roamer,Franco,5.0,7913,15,0.59,10605,54415,157,"[0, 0.72, 0.28]","[0.1, 0.9, 0]","[0, 0, 1.0]","[0.37, 0.63, 0]","[0.8, 0.2, 0]","[0.84, 0.16, 0]","[0.73, 0.27, 0]"
Dreams,Roamer,Franco,10.0,10843,15,0.91,14962,80277,162,"[0, 0, 1.0]","[0, 0.55, 0.45]","[0, 0, 1.0]","[0, 0.33, 0.67]","[0.52, 0.48, 0]","[0.38, 0.62, 0]","[0.73, 0.27, 0]"
Luke,Explane,Yu Zhong,1.2,8831,15,0.4,44568,114057,0,"[0.73, 0.27, 0]","[0.3, 0.7, 0]","[0, 0, 1.0]","[0.38, 0.62, 0]","[0, 0.96, 0.04]","[0, 0.93, 0.07]","[1.0, 0, 0]"
Donn,Explane,Yu Zhong,2.7,11032,15,0.8,25818,87731,2631,"[0.4, 0.6, 0]","[0, 0.9, 0.1]","[0, 0, 1.0]","[0, 0.56, 0.44]","[0.56, 0.44, 0]","[0.19, 0.81, 0]","[0, 0.99, 0.01]"
Fluffy,Explane,Yu Zhong,6.0,20176,15,0.6,35374,189351,3651,"[0, 0.9, 0.1]","[0, 0, 1.0]","[0, 0, 1.0]","[0.07, 0.93, 0]","[0.23, 0.77, 0]","[0, 0.51, 0.49]","[0, 0.87, 0.13]"
Aran,Explane,Cici,7.0,8646,14,0.64,50822,72242,142,"[0, 0.83, 0.17]","[0.35, 0.65, 0]","[0.15, 0.85, 0]","[0.01, 0.99, 0]","[0, 0.86, 0.14]","[0.39, 0.61, 0]","[0.94, 0.06, 0]"
Fluffy,Explane,Terizla,6.0,9239,15,0.6,34747,125683,2008,"[0, 0.9, 0.1]","[0.2, 0.8, 0]","[0, 0, 1.0]","[0.07, 0.93, 0]","[0.26, 0.74, 0]","[0, 0.87, 0.13]","[0.2, 0.8, 0]"
Aran,Explane,Cici,0.7,6118,12,0.5,13094,36434,0,"[0.84, 0.16, 0]","[1.0, 0, 0]","[1.0, 0, 0]","[0.22, 0.78, 0]","[1.0, 0, 0]","[0.85, 0.15, 0]","[1.0, 0, 0]"
Fluffy,Explane,Yu Zhong,3.0,7331,13,0.33,24296,25127,4516,"[0.33, 0.67, 0]","[0.69, 0.31, 0]","[0.57, 0.43, 0]","[0.49, 0.51, 0]","[0.62, 0.38, 0]","[1.0, 0, 0]","[0, 0.77, 0.23]"
Lutpiii,Explane,Cici,2.8,11038,15,0.55,32879,74225,2386,"[0.38, 0.62, 0]","[0, 0.9, 0.1]","[0, 0, 1.0]","[0.15, 0.85, 0]","[0.32, 0.68, 0]","[0.36, 0.64, 0]","[0.05, 0.95, 0]"
Luke,Explane,Xborg,5.5,10626,15,0.58,56009,85261,0,"[0, 0.93, 0.07]","[0, 0.94, 0.06]","[0, 0, 1.0]","[0.1, 0.9, 0]","[0, 0.77, 0.23]","[0.22, 0.78, 0]","[1.0, 0, 0]"
Luke,Explane,Masha,0.8,12226,15,0.33,61367,77728,7935,"[0.82, 0.18, 0]","[0, 0.78, 0.22]","[0, 0, 1.0]","[0.49, 0.51, 0]","[0, 0.68, 0.32]","[0.32, 0.68, 0]","[0, 0.38, 0.62]"
Lutpiii,Explane,Cici,1.0,8362,14,0.75,47836,130372,3546,"[0.78, 0.22, 0]","[0.42, 0.58, 0]","[0.15, 0.85, 0]","[0, 0.7, 0.3]","[0, 0.91, 0.09]","[0, 0.84, 0.16]","[0, 0.88, 0.12]"
Luke,Explane,Xborg,1.3,10784,15,0.73,74407,124641,0,"[0.71, 0.29, 0]","[0, 0.92, 0.08]","[0, 0, 1.0]","[0, 0.76, 0.24]","[0, 0.46, 0.54]","[0, 0.87, 0.13]","[1.0, 0, 0]"
Lutpiii,Explane,Xborg,7.0,9049,15,0.88,54316,112594,1926,"[0, 0.83, 0.17]","[0.25, 0.75, 0]","[0, 0, 1.0]","[0, 0.34, 0.66]","[0, 0.8, 0.2]","[0, 0.94, 0.06]","[0.23, 0.77, 0]"
Xorizo,Explane,Cici,1.2,6966,13,1.0,39976,67613,2998,"[0.73, 0.27, 0]","[0.78, 0.22, 0]","[0.57, 0.43, 0]","[0, 0, 1.0]","[0.08, 0.92, 0]","[0.45, 0.55, 0]","[0, 0.94, 0.06]"
Fluffy,Explane,Yu Zhong,12.0,9128,15,0.71,34973,93874,699,"[0, 0.48, 0.52]","[0.23, 0.77, 0]","[0, 0, 1.0]","[0, 0.81, 0.19]","[0.25, 0.75, 0]","[0.11, 0.89, 0]","[0.72, 0.28, 0]"
Fluffy,Explane,Terizla,6.5,9692,15,0.76,34994,92175,1323,"[0, 0.86, 0.14]","[0.08, 0.92, 0]","[0, 0, 1.0]","[0, 0.67, 0.33]","[0.25, 0.75, 0]","[0.13, 0.87, 0]","[0.47, 0.53, 0]"
Xorizo,Explane,Cici,19.0,11116,15,0.95,76184,132874,11298,"[0, 0, 1.0]","[0, 0.89, 0.11]","[0, 0, 1.0]","[0, 0.14, 0.86]","[0, 0.43, 0.57]","[0, 0.83, 0.17]","[0, 0, 1.0]"
Xorizo,Explane,Terizla,1.3,6762,12,0.67,18170,54506,1960,"[0.71, 0.29, 0]","[0.83, 0.17, 0]","[1.0, 0, 0]","[0, 0.93, 0.07]","[0.83, 0.17, 0]","[0.62, 0.38, 0]","[0.22, 0.78, 0]"
Fluffy,Explane,Yu Zhong,8.0,8182,13,0.8,19328,50130,616,"[0, 0.76, 0.24]","[0.47, 0.53, 0]","[0.57, 0.43, 0]","[0, 0.56, 0.44]","[0.79, 0.21, 0]","[0.68, 0.32, 0]","[0.75, 0.25, 0]"
Xorizo,Explane,Cici,2.7,9302,15,0.89,39393,98130,4723,"[0.4, 0.6, 0]","[0.18, 0.82, 0]","[0, 0, 1.0]","[0, 0.31, 0.69]","[0.1, 0.9, 0]","[0.05, 0.95, 0]","[0, 0.75, 0.25]"
Luke,Explane,Masha,6.5,9991,15,0.62,50648,55992,2336,"[0, 0.86, 0.14]","[0.0, 1.0, 0]","[0, 0, 1.0]","[0.04, 0.96, 0]","[0, 0.86, 0.14]","[0.6, 0.4, 0]","[0.07, 0.93, 0]"
Luke,Explane,Masha,2.0,9976,15,0.44,38726,88361,86,"[0.55, 0.45, 0]","[0.01, 0.99, 0]","[0, 0, 1.0]","[0.32, 0.68, 0]","[0.12, 0.88, 0]","[0.18, 0.82, 0]","[0.97, 0.03, 0]"
Fluffy,Explane,Terizla,1.3,6595,12,0.8,26044,75895,0,"[0.71, 0.29, 0]","[0.88, 0.12, 0]","[1.0, 0, 0]","[0, 0.56, 0.44]","[0.56, 0.44, 0]","[0.34, 0.66, 0]","[1.0, 0, 0]"
Lutpiii,Explane,Cici,10.0,7577,13,0.71,39394,62917,6842,"[0, 0.62, 0.38]","[0.62, 0.38, 0]","[0.57, 0.43, 0]","[0, 0.81, 0.19]","[0.1, 0.9, 0]","[0.51, 0.49, 0]","[0, 0.51, 0.49]"
Luke,Explane,Masha,4.0,12712,15,0.38,42852,50249,2996,"[0.11, 0.89, 0]","[0, 0.73, 0.27]","[0, 0, 1.0]","[0.41, 0.59, 0]","[0, 0.99, 0.01]","[0.67, 0.33, 0]","[0, 0.95, 0.05]"
Fluffy,Explane,Xborg,12.0,9966,15,0.8,30470,83352,3098,"[0, 0.48, 0.52]","[0.01, 0.99, 0]","[0, 0, 1.0]","[0, 0.56, 0.44]","[0.4, 0.6, 0]","[0.24, 0.76, 0]","[0, 0.93, 0.07]"
Luke,Explane,Yu Zhong,0.0,7740,13,0.0,23889,60481,0,"[1.0, 0, 0]","[0.58, 0.42, 0]","[0.57, 0.43, 0]","[1.0, 0, 0]","[0.63, 0.37, 0]","[0.54, 0.46, 0]","[1.0, 0, 0]"
Fluffy,Explane,Masha,2.2,9664,15,0.9,34123,87561,2005,"[0.51, 0.49, 0]","[0.09, 0.91, 0]","[0, 0, 1.0]","[0, 0.28, 0.72]","[0.28, 0.72, 0]","[0.19, 0.81, 0]","[0.2, 0.8, 0]"
Fluffy,Explane,Yu Zhong,2.4,12427,15,0.67,40279,116771,666,"[0.47, 0.53, 0]","[0, 0.76, 0.24]","[0, 0, 1.0]","[0, 0.93, 0.07]","[0.07, 0.93, 0]","[0, 0.92, 0.08]","[0.74, 0.26, 0]"
Fluffy,Explane,Terizla,1.6,14630,15,0.44,62507,280704,506,"[0.64, 0.36, 0]","[0, 0.55, 0.45]","[0, 0, 1.0]","[0.32, 0.68, 0]","[0, 0.66, 0.34]","[0, 0, 1.0]","[0.8, 0.2, 0]"
Fluffy,Explane,Terizla,5.0,7018,14,0.56,32987,150563,0,"[0, 0.96, 0.04]","[0.77, 0.23, 0]","[0.15, 0.85, 0]","[0.13, 0.87, 0]","[0.32, 0.68, 0]","[0, 0.73, 0.27]","[1.0, 0, 0]"
Fluffy,Explane,Terizla,1.0,9466,15,0.56,25947,151172,300,"[0.78, 0.22, 0]","[0.14, 0.86, 0]","[0, 0, 1.0]","[0.13, 0.87, 0]","[0.56, 0.44, 0]","[0, 0.73, 0.27]","[0.88, 0.12, 0]"
Lutpiii,Explane,Masha,5.5,15683,15,0.58,71355,63950,7498,"[0, 0.93, 0.07]","[0, 0.44, 0.56]","[0, 0, 1.0]","[0.1, 0.9, 0]","[0, 0.51, 0.49]","[0.5, 0.5, 0]","[0, 0.43, 0.57]"
Fluffy,Explane,Terizla,1.6,9855,15,0.73,39615,223498,0,"[0.64, 0.36, 0]","[0.04, 0.96, 0]","[0, 0, 1.0]","[0, 0.76, 0.24]","[0.09, 0.91, 0]","[0, 0.32, 0.68]","[1.0, 0, 0]"
Lutpiii,Explane,Terizla,0.7,7018,13,0.8,32985,150563,0,"[0.84, 0.16, 0]","[0.77, 0.23, 0]","[0.57, 0.43, 0]","[0, 0.56, 0.44]","[0.32, 0.68, 0]","[0, 0.73, 0.27]","[1.0, 0, 0]"
Fluffy,Explane,Xborg,9.0,15039,15,0.82,101879,158483,7104,"[0, 0.69, 0.31]","[0, 0.51, 0.49]","[0, 0, 1.0]","[0, 0.5, 0.5]","[0, 0, 1.0]","[0, 0.68, 0.32]","[0, 0.48, 0.52]"
Lutpiii,Explane,Cici,9.0,11716,15,0.61,56389,90681,7956,"[0, 0.69, 0.31]","[0, 0.83, 0.17]","[0, 0, 1.0]","[0.05, 0.95, 0]","[0, 0.76, 0.24]","[0.15, 0.85, 0]","[0, 0.38, 0.62]"
Fluffy,Explane,Xborg,1.0,8594,14,0.56,35298,83903,1755,"[0.78, 0.22, 0]","[0.36, 0.64, 0]","[0.15, 0.85, 0]","[0.13, 0.87, 0]","[0.24, 0.76, 0]","[0.24, 0.76, 0]","[0.3, 0.7, 0]"
Skylar,Goldlane,Roger,1.0,6093,11,0.5,15503,36655,175,"[0.92, 0.08, 0]","[0.98, 0.02, 0]","[0.79, 0.21, 0]","[0.5, 0.5, 0]","[1.0, 0, 0]","[0.46, 0.54, 0]","[0.98, 0.02, 0]"
Skylar,Goldlane,Karrie,1.5,10455,15,0.6,17618,51520,8781,"[0.83, 0.17, 0]","[0.41, 0.59, 0]","[0, 0, 1.0]","[0.21, 0.79, 0]","[0.95, 0.05, 0]","[0.1, 0.9, 0]","[0.24, 0.76, 0]"
Caderaa,Goldlane,Natan,1.4,13514,15,0.47,58614,73359,12252,"[0.85, 0.15, 0]","[0.01, 0.99, 0]","[0, 0, 1.0]","[0.59, 0.41, 0]","[0, 1.0, 0.0]","[0, 0.8, 0.2]","[0, 0.96, 0.04]"
Skylar,Goldlane,Roger,16.0,14123,15,0.84,52996,50922,14855,"[0, 0.1, 0.9]","[0, 0.95, 0.05]","[0, 0, 1.0]","[0, 0.49, 0.51]","[0.12, 0.88, 0]","[0.11, 0.89, 0]","[0, 0.81, 0.19]"
Caderaa,Goldlane,Karrie,3.2,13684,15,0.62,69603,77003,6643,"[0.55, 0.45, 0]","[0, 0.99, 0.01]","[0, 0, 1.0]","[0.15, 0.85, 0]","[0, 0.85, 0.15]","[0, 0.76, 0.24]","[0.42, 0.58, 0]"
Skylar,Goldlane,Roger,7.0,16099,15,0.61,59895,69160,11653,"[0, 0.95, 0.05]","[0, 0.79, 0.21]","[0, 0, 1.0]","[0.18, 0.82, 0]","[0, 0.98, 0.02]","[0, 0.85, 0.15]","[0, 0.99, 0.01]"
Caderaa,Goldlane,Karrie,5.0,15968,15,0.71,70532,54030,11979,"[0.25, 0.75, 0]","[0, 0.81, 0.19]","[0, 0, 1.0]","[0, 0.88, 0.12]","[0, 0.83, 0.17]","[0.04, 0.96, 0]","[0, 0.97, 0.03]"
Skylar,Goldlane,Roger,8.0,16633,15,0.8,40718,59830,23026,"[0, 0.86, 0.14]","[0, 0.75, 0.25]","[0, 0, 1.0]","[0, 0.61, 0.39]","[0.41, 0.59, 0]","[0, 0.95, 0.05]","[0, 0.33, 0.67]"
Kabuki,Goldlane,Karrie,13.0,19841,15,0.5,132452,67163,16025,"[0, 0.38, 0.62]","[0, 0.49, 0.51]","[0, 0, 1.0]","[0.5, 0.5, 0]","[0, 0, 1.0]","[0, 0.87, 0.13]","[0, 0.74, 0.26]"
Branz,Goldlane,Roger,4.0,25905,15,0.8,130103,118383,9999,"[0.42, 0.58, 0]","[0, 0, 1.0]","[0, 0, 1.0]","[0, 0.61, 0.39]","[0, 0.03, 0.97]","[0, 0.29, 0.71]","[0.13, 0.87, 0]"
Kabuki,Goldlane,Claude,5.0,11471,15,0.45,54244,36607,3909,"[0.25, 0.75, 0]","[0.27, 0.73, 0]","[0, 0, 1.0]","[0.65, 0.35, 0]","[0.09, 0.91, 0]","[0.46, 0.54, 0]","[0.66, 0.34, 0]"
Branz,Goldlane,Roger,7.0,13497,15,0.7,50126,41329,14568,"[0, 0.95, 0.05]","[0.01, 0.99, 0]","[0, 0, 1.0]","[0, 0.91, 0.09]","[0.19, 0.81, 0]","[0.34, 0.66, 0]","[0, 0.82, 0.18]"
Kabuki,Goldlane,Roger,1.3,7948,12,1.0,20059,41824,0,"[0.87, 0.13, 0]","[0.74, 0.26, 0]","[0.57, 0.43, 0]","[0, 0, 1.0]","[0.89, 0.11, 0]","[0.33, 0.67, 0]","[1.0, 0, 0]"
Branz,Goldlane,Claude,3.0,10479,14,0.33,23903,14293,23028,"[0.58, 0.42, 0]","[0.4, 0.6, 0]","[0.14, 0.86, 0]","[1.0, 0, 0]","[0.8, 0.2, 0]","[1.0, 0, 0]","[0, 0.33, 0.67]"
Cw,Goldlane,Moskov,15.0,15647,15,0.75,83620,35300,24947,"[0, 0.19, 0.81]","[0, 0.83, 0.17]","[0, 0, 1.0]","[0, 0.76, 0.24]","[0, 0.66, 0.34]","[0.49, 0.51, 0]","[0, 0.22, 0.78]"
Caderaa,Goldlane,Natan,3.0,12789,15,0.63,55343,45036,2777,"[0.58, 0.42, 0]","[0.1, 0.9, 0]","[0, 0, 1.0]","[0.12, 0.88, 0]","[0.07, 0.93, 0]","[0.25, 0.75, 0]","[0.76, 0.24, 0]"
Cw,Goldlane,Roger,7.5,15987,15,0.79,76645,102493,7144,"[0, 0.91, 0.09]","[0, 0.8, 0.2]","[0, 0, 1.0]","[0, 0.64, 0.36]","[0, 0.75, 0.25]","[0, 0.47, 0.53]","[0.38, 0.62, 0]"
Caderaa,Goldlane,Moskov,13.0,16558,15,0.72,104446,60842,12755,"[0, 0.38, 0.62]","[0, 0.76, 0.24]","[0, 0, 1.0]","[0, 0.85, 0.15]","[0, 0.38, 0.62]","[0, 0.94, 0.06]","[0, 0.93, 0.07]"
Cw,Goldlane,Natan,1.0,10622,15,0.75,72567,59104,5461,"[0.92, 0.08, 0]","[0.39, 0.61, 0]","[0, 0, 1.0]","[0, 0.76, 0.24]","[0, 0.81, 0.19]","[0, 0.96, 0.04]","[0.52, 0.48, 0]"
Caderaa,Goldlane,Claude,11.0,13076,15,0.92,85972,73377,28075,"[0, 0.57, 0.43]","[0.06, 0.94, 0]","[0, 0, 1.0]","[0, 0.24, 0.76]","[0, 0.63, 0.37]","[0, 0.8, 0.2]","[0, 0.04, 0.96]"
Cw,Goldlane,Karrie,12.0,15388,15,0.57,68729,46087,14036,"[0, 0.48, 0.52]","[0, 0.85, 0.15]","[0, 0, 1.0]","[0.3, 0.7, 0]","[0, 0.86, 0.14]","[0.23, 0.77, 0]","[0, 0.85, 0.15]"
Caderaa,Goldlane,Claude,1.8,12600,15,0.64,51178,74434,1125,"[0.78, 0.22, 0]","[0.13, 0.87, 0]","[0, 0, 1.0]","[0.09, 0.91, 0]","[0.17, 0.83, 0]","[0, 0.79, 0.21]","[0.9, 0.1, 0]"
Cw,Goldlane,Claude,4.0,12710,15,0.5,27845,48602,21497,"[0.42, 0.58, 0]","[0.11, 0.89, 0]","[0, 0, 1.0]","[0.5, 0.5, 0]","[0.71, 0.29, 0]","[0.17, 0.83, 0]","[0, 0.42, 0.58]"
Caderaa,Goldlane,Natan,1.5,11868,15,0.75,75795,51060,8865,"[0.83, 0.17, 0]","[0.22, 0.78, 0]","[0, 0, 1.0]","[0, 0.76, 0.24]","[0, 0.76, 0.24]","[0.11, 0.89, 0]","[0.23, 0.77, 0]"
Emann,Goldlane,Natan,2.0,11096,15,0.8,53904,41207,3502,"[0.75, 0.25, 0]","[0.32, 0.68, 0]","[0, 0, 1.0]","[0, 0.61, 0.39]","[0.1, 0.9, 0]","[0.35, 0.65, 0]","[0.7, 0.3, 0]"
Emann,Goldlane,Natan,4.0,9501,15,0.5,45247,33237,60,"[0.42, 0.58, 0]","[0.53, 0.47, 0]","[0, 0, 1.0]","[0.5, 0.5, 0]","[0.3, 0.7, 0]","[0.54, 0.46, 0]","[0.99, 0.01, 0]"
Branz,Goldlane,Claude,11.0,13253,15,0.65,39167,22768,24115,"[0, 0.57, 0.43]","[0.04, 0.96, 0]","[0, 0, 1.0]","[0.06, 0.94, 0]","[0.45, 0.55, 0]","[0.79, 0.21, 0]","[0, 0.27, 0.73]"
Emann,Goldlane,Roger,13.0,13011,15,0.65,48870,86925,14188,"[0, 0.38, 0.62]","[0.07, 0.93, 0]","[0, 0, 1.0]","[0.06, 0.94, 0]","[0.22, 0.78, 0]","[0, 0.64, 0.36]","[0, 0.84, 0.16]"
Branz,Goldlane,Claude,2.0,10732,15,1.0,53535,89023,3145,"[0.75, 0.25, 0]","[0.37, 0.63, 0]","[0, 0, 1.0]","[0, 0, 1.0]","[0.11, 0.89, 0]","[0, 0.62, 0.38]","[0.73, 0.27, 0]"
Emann,Goldlane,Roger,1.5,9124,13,0.5,36501,39174,7503,"[0.83, 0.17, 0]","[0.58, 0.42, 0]","[0.36, 0.64, 0]","[0.5, 0.5, 0]","[0.51, 0.49, 0]","[0.4, 0.6, 0]","[0.35, 0.65, 0]"
Branz,Goldlane,Moskov,7.0,9502,14,0.7,20187,23273,16454,"[0, 0.95, 0.05]","[0.53, 0.47, 0]","[0.14, 0.86, 0]","[0, 0.91, 0.09]","[0.89, 0.11, 0]","[0.78, 0.22, 0]","[0, 0.71, 0.29]"
Emann,Goldlane,Karrie,0.8,10868,15,0.44,49342,69635,10025,"[0.95, 0.05, 0]","[0.35, 0.65, 0]","[0, 0, 1.0]","[0.68, 0.32, 0]","[0.21, 0.79, 0]","[0, 0.84, 0.16]","[0.13, 0.87, 0]"
Caderaa,Goldlane,Moskov,17.0,10967,15,0.81,52188,45930,16349,"[0, 0, 1.0]","[0.34, 0.66, 0]","[0, 0, 1.0]","[0, 0.58, 0.42]","[0.14, 0.86, 0]","[0.23, 0.77, 0]","[0, 0.72, 0.28]"
Emann,Goldlane,Natan,3.0,11142,15,0.5,46795,45257,11790,"[0.58, 0.42, 0]","[0.32, 0.68, 0]","[0, 0, 1.0]","[0.5, 0.5, 0]","[0.27, 0.73, 0]","[0.25, 0.75, 0]","[0, 0.98, 0.02]"
Caderaa,Goldlane,Moskov,14.0,13111,15,0.78,69112,51397,22997,"[0, 0.29, 0.71]","[0.06, 0.94, 0]","[0, 0, 1.0]","[0, 0.67, 0.33]","[0, 0.85, 0.15]","[0.1, 0.9, 0]","[0, 0.34, 0.66]"
Emann,Goldlane,Moskov,3.5,22622,15,1.0,97060,86398,0,"[0.5, 0.5, 0]","[0, 0.27, 0.73]","[0, 0, 1.0]","[0, 0, 1.0]","[0, 0.48, 0.52]","[0, 0.65, 0.35]","[1.0, 0, 0]"
Caderaa,Goldlane,Claude,13.0,19130,15,0.87,92707,89526,16264,"[0, 0.38, 0.62]","[0, 0.55, 0.45]","[0, 0, 1.0]","[0, 0.4, 0.6]","[0, 0.54, 0.46]","[0, 0.61, 0.39]","[0, 0.72, 0.28]"
Cw,Goldlane,Roger,12.0,11788,15,0.67,35135,24747,24207,"[0, 0.48, 0.52]","[0.23, 0.77, 0]","[0, 0, 1.0]","[0.01, 0.99, 0]","[0.54, 0.46, 0]","[0.75, 0.25, 0]","[0, 0.27, 0.73]"
Branz,Goldlane,Claude,2.0,10387,15,0.4,39029,30603,2929,"[0.75, 0.25, 0]","[0.42, 0.58, 0]","[0, 0, 1.0]","[0.8, 0.2, 0]","[0.45, 0.55, 0]","[0.6, 0.4, 0]","[0.75, 0.25, 0]"
Cw,Goldlane,Roger,11.0,11914,15,0.79,58540,46538,14153,"[0, 0.57, 0.43]","[0.22, 0.78, 0]","[0, 0, 1.0]","[0, 0.64, 0.36]","[0, 1.0, 0.0]","[0.22, 0.78, 0]","[0, 0.85, 0.15]"
Branz,Goldlane,Claude,1.5,9469,14,0.6,24800,41819,3804,"[0.83, 0.17, 0]","[0.54, 0.46, 0]","[0.14, 0.86, 0]","[0.21, 0.79, 0]","[0.78, 0.22, 0]","[0.33, 0.67, 0]","[0.67, 0.33, 0]"
Cw,Goldlane,Claude,7.0,9479,13,0.5,27432,21361,18849,"[0, 0.95, 0.05]","[0.54, 0.46, 0]","[0.36, 0.64, 0]","[0.5, 0.5, 0]","[0.72, 0.28, 0]","[0.83, 0.17, 0]","[0, 0.58, 0.42]"
Branz,Goldlane,Roger,0.7,5945,10,0.4,20490,42673,0,"[0.97, 0.03, 0]","[1.0, 0, 0]","[1.0, 0, 0]","[0.8, 0.2, 0]","[0.88, 0.12, 0]","[0.31, 0.69, 0]","[1.0, 0, 0]"
Branz,Goldlane,Roger,1.5,13315,15,0.43,48160,57755,0,"[0.83, 0.17, 0]","[0.03, 0.97, 0]","[0, 0, 1.0]","[0.71, 0.29, 0]","[0.24, 0.76, 0]","[0, 0.97, 0.03]","[1.0, 0, 0]"
Caderaa,Goldlane,Claude,11.0,15279,15,0.52,47573,55014,28812,"[0, 0.57, 0.43]","[0, 0.86, 0.14]","[0, 0, 1.0]","[0.44, 0.56, 0]","[0.25, 0.75, 0]","[0.01, 0.99, 0]","[0, 0, 1.0]"
Branz,Goldlane,Roger,7.0,12182,15,0.47,34033,36957,21771,"[0, 0.95, 0.05]","[0.18, 0.82, 0]","[0, 0, 1.0]","[0.59, 0.41, 0]","[0.57, 0.43, 0]","[0.45, 0.55, 0]","[0, 0.41, 0.59]"
Caderaa,Goldlane,Claude,0.5,10365,14,0.5,39649,42001,116,"[1.0, 0, 0]","[0.42, 0.58, 0]","[0.14, 0.86, 0]","[0.5, 0.5, 0]","[0.44, 0.56, 0]","[0.33, 0.67, 0]","[0.99, 0.01, 0]"
Branz,Goldlane,Roger,5.0,13216,15,0.5,38006,55145,823,"[0.25, 0.75, 0]","[0.05, 0.95, 0]","[0, 0, 1.0]","[0.5, 0.5, 0]","[0.47, 0.53, 0]","[0.01, 0.99, 0]","[0.93, 0.07, 0]"
Caderaa,Goldlane,Claude,11.0,14032,15,0.69,75092,32206,19197,"[0, 0.57, 0.43]","[0, 0.96, 0.04]","[0, 0, 1.0]","[0, 0.94, 0.06]","[0, 0.77, 0.23]","[0.57, 0.43, 0]","[0, 0.56, 0.44]"
Branz,Goldlane,Moskov,7.5,16953,15,0.83,69581,80884,10758,"[0, 0.91, 0.09]","[0, 0.73, 0.27]","[0, 0, 1.0]","[0, 0.52, 0.48]","[0, 0.85, 0.15]","[0, 0.71, 0.29]","[0.06, 0.94, 0]"
Caderaa,Goldlane,Claude,11.0,13759,15,0.79,106078,87949,10172,"[0, 0.57, 0.43]","[0, 0.98, 0.02]","[0, 0, 1.0]","[0, 0.64, 0.36]","[0, 0.36, 0.64]","[0, 0.63, 0.37]","[0.11, 0.89, 0]"
Branz,Goldlane,Claude,7.0,22524,15,0.78,101384,67483,11982,"[0, 0.95, 0.05]","[0, 0.27, 0.73]","[0, 0, 1.0]","[0, 0.67, 0.33]","[0, 0.42, 0.58]","[0, 0.86, 0.14]","[0, 0.97, 0.03]"
Caderaa,Goldlane,Roger,15.0,24039,15,0.88,119248,143804,9350,"[0, 0.19, 0.81]","[0, 0.15, 0.85]","[0, 0, 1.0]","[0, 0.37, 0.63]","[0, 0.18, 0.82]","[0, 0, 1.0]","[0.19, 0.81, 0]"
Cw,Goldlane,Claude,4.0,13110,15,0.78,27900,48650,21500,"[0.42, 0.58, 0]","[0.06, 0.94, 0]","[0, 0, 1.0]","[0, 0.67, 0.33]","[0.71, 0.29, 0]","[0.17, 0.83, 0]","[0, 0.42, 0.58]"
Branz,Goldlane,Roger,5.0,15129,15,0.67,66735,47353,13499,"[0.25, 0.75, 0]","[0, 0.87, 0.13]","[0, 0, 1.0]","[0.01, 0.99, 0]","[0, 0.89, 0.11]","[0.2, 0.8, 0]","[0, 0.88, 0.12]"
Cw,Goldlane,Roger,14.0,15939,15,0.78,55005,43991,21035,"[0, 0.29, 0.71]","[0, 0.81, 0.19]","[0, 0, 1.0]","[0, 0.67, 0.33]","[0.08, 0.92, 0]","[0.28, 0.72, 0]","[0, 0.45, 0.55]"
Branz,Goldlane,Karrie,3.0,13612,15,0.67,68303,55279,6655,"[0.58, 0.42, 0]","[0, 1.0, 0.0]","[0, 0, 1.0]","[0.01, 0.99, 0]","[0, 0.86, 0.14]","[0.01, 0.99, 0]","[0.42, 0.58, 0]"
Cw,Goldlane,Roger,13.0,17860,15,0.68,93527,69266,7404,"[0, 0.38, 0.62]","[0, 0.65, 0.35]","[0, 0, 1.0]","[0, 0.98, 0.02]","[0, 0.52, 0.48]","[0, 0.84, 0.16]","[0.36, 0.64, 0]"
Branz,Goldlane,Karrie,2.3,14925,15,0.64,67364,80645,0,"[0.7, 0.3, 0]","[0, 0.89, 0.11]","[0, 0, 1.0]","[0.09, 0.91, 0]","[0, 0.88, 0.12]","[0, 0.72, 0.28]","[1.0, 0, 0]"
Branz,Goldlane,Roger,13.0,15127,15,0.76,66733,47350,13496,"[0, 0.38, 0.62]","[0, 0.87, 0.13]","[0, 0, 1.0]","[0, 0.73, 0.27]","[0, 0.89, 0.11]","[0.2, 0.8, 0]","[0, 0.88, 0.12]"
Cw,Goldlane,Roger,1.0,15009,15,1.0,51062,29507,10245,"[0.92, 0.08, 0]","[0, 0.88, 0.12]","[0, 0, 1.0]","[0, 0, 1.0]","[0.17, 0.83, 0]","[0.63, 0.37, 0]","[0.11, 0.89, 0]"
Cw,Goldlane,Claude,6.0,12667,15,0.78,51961,54612,20172,"[0.09, 0.91, 0]","[0.12, 0.88, 0]","[0, 0, 1.0]","[0, 0.67, 0.33]","[0.15, 0.85, 0]","[0.02, 0.98, 0]","[0, 0.5, 0.5]"
Branz,Goldlane,Karrie,0.5,9490,14,0.67,35109,41137,2838,"[1.0, 0, 0]","[0.53, 0.47, 0]","[0.14, 0.86, 0]","[0.01, 0.99, 0]","[0.54, 0.46, 0]","[0.35, 0.65, 0]","[0.75, 0.25, 0]"
